<GDAL_WMS>
    <Service name="AGS">
	    <ServerUrl>http://sampleserver1.arcgisonline.com/ArcGIS/rest/services/Specialty/ESRI_StateCityHighway_USA/MapServer</ServerUrl>
	    <BBoxOrder>xyXY</BBoxOrder>
        <SRS>3857</SRS>
    </Service>
    <DataWindow>
        <UpperLeftX>-20037508.34</UpperLeftX>
        <UpperLeftY>20037508.34</UpperLeftY>
        <LowerRightX>20037508.34</LowerRightX>
        <LowerRightY>-20037508.34</LowerRightY>
        <SizeX>512</SizeX>
        <SizeY>512</SizeY>
    </DataWindow>    
</GDAL_WMS>
